,Unnamed: 0,vpp0ch0,vpp1ch1,vpp2ch2,vpp3ch3,UVC,UVB,Rch,Gch,Bch,QilMax,VR1,VR4,VR5,VR5B,qpermax,sigmavis,name,target,qilmax
0,0,4657872,1987224,786184,524808,3947656,7413998,302173,790422,949414,426,707,312,1316,1053,0.6519097653847664,2042009,MF4 Start BB hinten DSV,1,0.4340291531666954
1,1,4660478,1995440,777472,514700,3832147,7413447,302496,792565,949227,428,720,316,1342,1073,0.6512888669422834,2044288,MF4 Start BB hinten DSV,1,0.431530759546097
2,2,4663697,2008817,798604,515034,3836480,7469595,302135,790237,949442,430,711,327,1475,1180,0.6336676020958848,2041814,MF4 Start BB hinten DSV,1,0.430523753130981
3,3,4661264,1990053,784261,510225,3817507,7459326,303721,790114,950095,426,728,321,1366,1093,0.6379808825455021,2043930,MF4 Start BB hinten DSV,1,0.4296369918824099
4,4,4652574,2002229,781436,516064,3824784,7464566,302694,792312,948063,430,723,318,1353,1082,0.6558044619543051,2043069,MF4 Start BB hinten DSV,1,0.4346108524552297
5,5,4676110,1990629,783490,523209,3811791,7498889,303647,790007,949129,425,717,312,1316,1053,0.6357446964692065,2042783,MF4 Start BB hinten DSV,1,0.4333595843666412
6,6,4657256,1986185,788860,511224,3830029,7490399,303020,791060,949514,426,719,322,1404,1123,0.6459724850078569,2043594,MF4 Start BB hinten DSV,1,0.4342515313174641
7,7,4657882,1992851,788450,515134,3815732,7512654,302586,790736,949406,427,720,320,1343,1074,0.6332253831397432,2042728,MF4 Start BB hinten DSV,1,0.4308557305021908
8,8,4676641,1998277,791190,511640,3832937,7510027,303538,790568,949245,427,737,323,1357,1085,0.6464301789391644,2043351,MF4 Start BB hinten DSV,1,0.4305579755255047
9,9,4657024,1999711,790171,525068,3832937,7526218,303289,792204,950955,429,722,315,1341,1073,0.632566618968844,2046448,MF4 Start BB hinten DSV,1,0.4327164256620776
10,0,4266439,1985203,791299,532043,3809396,7354058,291801,773963,938843,465,694,345,1532,1225,0.6519097653847664,2004607,MF4 Start BB vorne DSV,1,0.4340291531666954
11,1,4277995,1988093,794865,532297,3702465,7400908,293331,774086,940929,464,689,345,1591,1272,0.6512888669422834,2008346,MF4 Start BB vorne DSV,1,0.431530759546097
12,2,4277729,1990660,784981,531243,3705462,7425861,293131,774877,939819,465,700,342,1551,1241,0.6336676020958848,2007827,MF4 Start BB vorne DSV,1,0.430523753130981
13,3,4267860,2000111,794794,530852,3695762,7446376,290902,774900,942048,468,704,349,1562,1249,0.6379808825455021,2007850,MF4 Start BB vorne DSV,1,0.4296369918824099
14,4,4263279,1984917,780033,522503,3706496,7468288,292951,776013,940347,465,703,345,1536,1228,0.6558044619543051,2009311,MF4 Start BB vorne DSV,1,0.4346108524552297
15,5,4274698,1985697,781942,524922,3703949,7458570,293293,775368,941144,464,704,344,1588,1270,0.6357446964692065,2009805,MF4 Start BB vorne DSV,1,0.4333595843666412
16,6,4269154,1990040,789472,529803,3703451,7470557,291496,775913,940857,466,701,345,1559,1247,0.6459724850078569,2008266,MF4 Start BB vorne DSV,1,0.4342515313174641
17,7,4270003,1984964,792365,529178,3693551,7484196,292448,773786,941878,464,713,346,1561,1249,0.6332253831397432,2008112,MF4 Start BB vorne DSV,1,0.4308557305021908
18,8,4276111,1987867,798051,533347,3709109,7505898,291783,775922,939748,464,697,346,1601,1281,0.6464301789391644,2007453,MF4 Start BB vorne DSV,1,0.4305579755255047
19,9,4259005,1984967,786183,524098,3709109,7515276,293223,774193,941734,466,711,347,1653,1323,0.632566618968844,2009150,MF4 Start BB vorne DSV,1,0.4327164256620776
20,0,3882512,1769162,792430,503270,3679585,6709656,282382,744241,887569,455,719,374,1793,1434,0.6519097653847664,1914192,MF6 Start BB hinten DSV,1,0.4340291531666954
21,1,3908514,1765918,801056,521313,3549647,6682864,282165,744325,889870,451,671,362,1770,1416,0.6512888669422834,1916360,MF6 Start BB hinten DSV,1,0.431530759546097
22,2,3879854,1767356,789434,497551,3566938,6708066,282023,745616,891168,455,707,376,1852,1482,0.6336676020958848,1918807,MF6 Start BB hinten DSV,1,0.430523753130981
23,3,3890434,1762648,790001,504240,3560152,6735489,282634,745284,888214,453,693,370,1848,1478,0.6379808825455021,1916132,MF6 Start BB hinten DSV,1,0.4296369918824099
24,4,3891891,1774109,791095,501116,3567764,6759737,282850,745393,888357,455,706,375,1801,1441,0.6558044619543051,1916600,MF6 Start BB hinten DSV,1,0.4346108524552297
25,5,3880934,1776038,788392,506335,3561307,6779441,283355,744317,888492,457,695,371,1749,1399,0.6357446964692065,1916164,MF6 Start BB hinten DSV,1,0.4333595843666412
26,6,3903187,1765355,802062,501531,3568370,6783863,283856,745424,890541,452,685,376,1839,1471,0.6459724850078569,1919821,MF6 Start BB hinten DSV,1,0.4342515313174641
27,7,3890576,1766366,795870,504260,3565145,6778826,282113,745140,887883,454,689,374,1837,1470,0.6332253831397432,1915136,MF6 Start BB hinten DSV,1,0.4308557305021908
28,8,3892425,1763936,791621,504825,3555193,6786052,282849,744809,887919,453,683,370,1841,1472,0.6464301789391644,1915577,MF6 Start BB hinten DSV,1,0.4305579755255047
29,9,3893241,1778175,787376,497875,3555193,6798939,281933,744095,889476,456,696,377,1869,1495,0.632566618968844,1915504,MF6 Start BB hinten DSV,1,0.4327164256620776
30,0,4169207,1874715,744592,494966,3731047,7017661,292954,777336,907227,449,713,342,1450,1160,0.6519097653847664,1977517,MF6 Start BB vorne DSV,1,0.4340291531666954
31,1,4200112,1909735,770898,523326,3590689,7013607,291046,778911,907146,454,650,338,1552,1241,0.6512888669422834,1977103,MF6 Start BB vorne DSV,1,0.431530759546097
32,2,4179054,1868913,742333,486237,3572619,7041855,290525,778366,906046,447,721,345,1479,1183,0.6336676020958848,1974937,MF6 Start BB vorne DSV,1,0.430523753130981
33,3,4190886,1892358,762505,503720,3586173,7117562,290381,779333,907469,451,714,345,1511,1209,0.6379808825455021,1977183,MF6 Start BB vorne DSV,1,0.4296369918824099
34,4,4167742,1876371,736277,493647,3582087,7103572,290255,781223,909116,450,744,339,1437,1150,0.6558044619543051,1980594,MF6 Start BB vorne DSV,1,0.4346108524552297
35,5,4154309,1860084,735708,486539,3574837,7144492,290309,777581,905687,447,689,343,1501,1201,0.6357446964692065,1973577,MF6 Start BB vorne DSV,1,0.4333595843666412
36,6,4176599,1873242,751803,503730,3590565,7119277,290327,780009,906215,448,704,338,1475,1180,0.6459724850078569,1976551,MF6 Start BB vorne DSV,1,0.4342515313174641
37,7,4173971,1869561,750712,493616,3582835,7168950,290975,779510,905285,447,709,344,1549,1239,0.6332253831397432,1975770,MF6 Start BB vorne DSV,1,0.4308557305021908
38,8,4168924,1874020,748257,497705,3572668,7150898,290508,778949,906994,449,717,341,1482,1185,0.6464301789391644,1976451,MF6 Start BB vorne DSV,1,0.4305579755255047
39,9,4171656,1863001,743220,486992,3572668,7164130,290562,777713,905616,446,723,345,1482,1186,0.632566618968844,1973891,MF6 Start BB vorne DSV,1,0.4327164256620776
40,0,4107673,1806649,756880,496166,3741889,6957039,296530,783397,938136,439,697,332,1493,1194,0.6519097653847664,2018063,MF8 Start BB hinten DSV,1,0.4340291531666954
41,1,4124128,1819855,757557,525022,3625691,6963236,296062,785004,937903,441,657,315,1410,1128,0.6512888669422834,2018969,MF8 Start BB hinten DSV,1,0.431530759546097
42,2,4128306,1811954,748005,502245,3634421,6991415,296997,784189,940831,438,679,323,1499,1199,0.6336676020958848,2022017,MF8 Start BB hinten DSV,1,0.430523753130981
43,3,4110649,1806493,748929,499099,3630341,6989007,295864,782269,936444,439,686,327,1530,1224,0.6379808825455021,2014577,MF8 Start BB hinten DSV,1,0.4296369918824099
44,4,4109669,1799693,754204,493426,3636103,7024907,296619,783082,938261,437,712,331,1548,1238,0.6558044619543051,2017962,MF8 Start BB hinten DSV,1,0.4346108524552297
45,5,4105033,1814135,739555,500315,3634328,7046319,296765,783007,938199,441,698,323,1480,1184,0.6357446964692065,2017971,MF8 Start BB hinten DSV,1,0.4333595843666412
46,6,4099383,1806083,734101,489822,3635560,7020764,296997,784826,937966,440,717,326,1424,1139,0.6459724850078569,2019789,MF8 Start BB hinten DSV,1,0.4342515313174641
47,7,4110205,1810188,746898,496506,3632393,7025107,295809,783798,939721,440,712,328,1477,1182,0.6332253831397432,2019328,MF8 Start BB hinten DSV,1,0.4308557305021908
48,8,4107566,1805320,735958,493326,3613216,7030066,296765,782153,938092,439,709,325,1488,1190,0.6464301789391644,2017010,MF8 Start BB hinten DSV,1,0.4305579755255047
49,9,4122770,1802540,746066,489162,3613216,7036332,296133,783759,936937,437,715,330,1471,1177,0.632566618968844,2016829,MF8 Start BB hinten DSV,1,0.4327164256620776
50,0,4298696,1788841,755677,494801,3891101,7045986,289033,778888,921012,416,730,319,1398,1118,0.6519097653847664,1988933,MF8 Start BB vorne DSV,1,0.4340291531666954
51,1,4309731,1789661,761540,496205,3778851,7088359,290723,777266,921818,415,688,320,1436,1149,0.6512888669422834,1989807,MF8 Start BB vorne DSV,1,0.431530759546097
52,2,4304798,1796379,752343,483111,3777710,7094072,289500,778135,920073,417,733,326,1459,1167,0.6336676020958848,1987708,MF8 Start BB vorne DSV,1,0.430523753130981
53,3,4322100,1791403,765493,491705,3785821,7129405,288978,779824,919911,414,700,324,1504,1203,0.6379808825455021,1988713,MF8 Start BB vorne DSV,1,0.4296369918824099
54,4,4299429,1798590,750498,495771,3777360,7153314,289303,778602,920457,418,723,318,1401,1121,0.6558044619543051,1988362,MF8 Start BB vorne DSV,1,0.4346108524552297
55,5,4316702,1786905,764903,496280,3795464,7141950,289517,778297,921711,413,689,320,1392,1113,0.6357446964692065,1989525,MF8 Start BB vorne DSV,1,0.4333595843666412
56,6,4330495,1804491,755562,496945,3812420,7093118,290616,780555,922632,416,691,317,1403,1122,0.6459724850078569,1993803,MF8 Start BB vorne DSV,1,0.4342515313174641
57,7,4314298,1812702,768557,497255,3806697,7098415,290093,781477,924798,420,692,325,1477,1182,0.6332253831397432,1996368,MF8 Start BB vorne DSV,1,0.4308557305021908
58,8,4325863,1812595,767036,499265,3809520,7128442,292613,783713,923018,419,701,321,1417,1134,0.6464301789391644,1999344,MF8 Start BB vorne DSV,1,0.4305579755255047
59,9,4312071,1798536,771478,506724,3809520,7117352,290364,779933,923769,417,684,318,1441,1152,0.632566618968844,1994066,MF8 Start BB vorne DSV,1,0.4327164256620776
60,0,3722299,1684566,715693,483387,3239159,5731593,263868,705720,842195,452,708,369,1524,1219,0.6519097653847664,1811783,NF BB DSV hinten,1,0.4340291531666954
61,1,3727731,1686129,704182,485302,3136779,5779819,264551,707655,840422,452,693,362,1563,1250,0.6512888669422834,1812628,NF BB DSV hinten,1,0.431530759546097
62,2,3736961,1672681,707120,485611,3137024,5841549,264569,705267,841971,447,705,359,1553,1242,0.6336676020958848,1811807,NF BB DSV hinten,1,0.430523753130981
63,3,3736276,1682337,714687,487566,3128944,5871098,264695,704199,840512,450,701,364,1539,1231,0.6379808825455021,1809406,NF BB DSV hinten,1,0.4296369918824099
64,4,3736279,1686147,703621,482591,3133747,5931379,264136,704452,841927,451,694,363,1569,1255,0.6558044619543051,1810515,NF BB DSV hinten,1,0.4346108524552297
65,5,3728476,1669471,715659,488076,3138260,5942541,263850,704284,840969,447,687,362,1509,1207,0.6357446964692065,1809103,NF BB DSV hinten,1,0.4333595843666412
66,6,3725707,1693286,716328,496341,3130259,5946605,264569,704230,844486,454,697,361,1498,1198,0.6459724850078569,1813285,NF BB DSV hinten,1,0.4342515313174641
67,7,3748378,1679655,715475,490216,3130882,5977741,264785,705544,841542,448,694,360,1536,1228,0.6332253831397432,1811871,NF BB DSV hinten,1,0.4308557305021908
68,8,3737329,1691458,712690,480877,3130620,5991175,265684,704868,842275,452,708,370,1578,1263,0.6464301789391644,1812827,NF BB DSV hinten,1,0.4305579755255047
69,9,3733072,1683625,709311,494715,3130620,6039616,264120,708187,842321,451,689,356,1548,1238,0.632566618968844,1814628,NF BB DSV hinten,1,0.4327164256620776
70,0,3845981,1668238,739437,494809,3338962,4853911,262806,706458,833853,433,629,359,1562,1249,0.6519097653847664,1803117,NF BB DSV vorne,1,0.4340291531666954
71,1,3837891,1670495,730979,490621,3186984,5264385,264082,708541,832805,435,694,359,1564,1251,0.6512888669422834,1805428,NF BB DSV vorne,1,0.431530759546097
72,2,3842308,1673113,740252,498055,3181133,5344566,261727,705644,833459,435,691,359,1512,1210,0.6336676020958848,1800830,NF BB DSV vorne,1,0.430523753130981
73,3,3835189,1668589,731703,495826,3183846,5447275,261943,706604,831498,435,688,356,1476,1180,0.6379808825455021,1800045,NF BB DSV vorne,1,0.4296369918824099
74,4,3859815,1663050,748722,490956,3179471,5514925,266835,707334,833181,430,703,363,1549,1239,0.6558044619543051,1807350,NF BB DSV vorne,1,0.4346108524552297
75,5,3848250,1675433,741111,490781,3173905,5588714,261763,705597,832312,435,693,365,1547,1238,0.6357446964692065,1799672,NF BB DSV vorne,1,0.4333595843666412
76,6,3833783,1675903,727386,493716,3166921,5630805,264316,707863,832975,437,711,356,1493,1194,0.6459724850078569,1805154,NF BB DSV vorne,1,0.4342515313174641
77,7,3843967,1670724,734770,501099,3170454,5679106,261835,706335,832071,434,672,354,1555,1244,0.6332253831397432,1800241,NF BB DSV vorne,1,0.4308557305021908
78,8,3842040,1670881,732610,494595,3176679,5737305,262159,706819,831659,434,673,357,1554,1243,0.6464301789391644,1800637,NF BB DSV vorne,1,0.4305579755255047
79,9,3844882,1664452,733316,496260,3176679,5736628,261674,706750,831311,432,674,355,1517,1213,0.632566618968844,1799735,NF BB DSV vorne,1,0.4327164256620776
80,0,4482380,2035694,766920,505819,4353106,7169091,312560,824539,969609,454,729,326,1476,1181,0.6519097653847664,2106708,Rossignol Black base ski6,1,0.4340291531666954
81,1,4486859,2033255,768051,502900,4224607,7147656,313122,826137,970371,453,737,328,1448,1158,0.6512888669422834,2109630,Rossignol Black base ski6,1,0.431530759546097
82,2,4482382,2049175,773790,510565,4219444,7199401,313353,825115,971569,457,731,328,1460,1168,0.6336676020958848,2110037,Rossignol Black base ski6,1,0.430523753130981
83,3,4483502,2044911,757956,505020,4225309,7256986,311824,827680,970925,456,730,324,1441,1153,0.6379808825455021,2110429,Rossignol Black base ski6,1,0.4296369918824099
84,4,4500503,2054701,773407,509374,4219867,7267683,313048,827244,972634,456,692,328,1435,1148,0.6558044619543051,2112926,Rossignol Black base ski6,1,0.4346108524552297
85,5,4486355,2044209,780529,512119,4221340,7276969,312976,826083,970666,455,719,329,1497,1197,0.6357446964692065,2109725,Rossignol Black base ski6,1,0.4333595843666412
86,6,4478648,2035351,750869,497864,4219673,7339948,311429,825776,972635,454,708,324,1373,1098,0.6459724850078569,2109840,Rossignol Black base ski6,1,0.4342515313174641
87,7,4495650,2054182,774330,511779,4219984,7314583,311951,825338,971122,456,708,327,1519,1215,0.6332253831397432,2108411,Rossignol Black base ski6,1,0.4308557305021908
88,8,4502747,2055059,782384,515663,4215116,7300254,311537,825515,971176,456,699,328,1479,1183,0.6464301789391644,2108228,Rossignol Black base ski6,1,0.4305579755255047
89,9,4480781,2040447,768061,510060,4215116,7307227,312993,826744,970791,455,740,324,1445,1156,0.632566618968844,2110528,Rossignol Black base ski6,1,0.4327164256620776
90,0,4492977,1703251,664071,452234,5608290,11412718,355981,1180809,1702792,379,731,171,1089,871,0.6519097653847664,3239582,Rossignol Blue base ski1,1,0.4340291531666954
91,1,4497178,1698465,664608,454069,5465440,11561313,357152,1181970,1704376,377,737,170,1036,828,0.6512888669422834,3243498,Rossignol Blue base ski1,1,0.431530759546097
92,2,4486074,1703441,663066,457464,5460417,11739250,357404,1181256,1706058,379,730,169,1062,849,0.6336676020958848,3244718,Rossignol Blue base ski1,1,0.430523753130981
93,3,4478845,1699804,653328,444341,5471365,11806145,355568,1178367,1703562,379,776,172,1022,818,0.6379808825455021,3237497,Rossignol Blue base ski1,1,0.4296369918824099
94,4,4486325,1704557,663232,443731,5464161,11885575,356018,1180310,1704868,379,752,175,1086,869,0.6558044619543051,3241196,Rossignol Blue base ski1,1,0.4346108524552297
95,5,4500376,1723906,667536,456803,5465777,11918650,357025,1181632,1704528,383,740,172,1098,878,0.6357446964692065,3243185,Rossignol Blue base ski1,1,0.4333595843666412
96,6,4485003,1704544,663280,455424,5470790,11973016,356539,1179941,1703606,380,727,170,1100,880,0.6459724850078569,3240086,Rossignol Blue base ski1,1,0.4342515313174641
97,7,4479695,1694235,659683,447580,5454008,11992702,356757,1180195,1704447,378,746,171,1099,879,0.6332253831397432,3241399,Rossignol Blue base ski1,1,0.4308557305021908
98,8,4485785,1696153,654673,443396,5473577,12012402,359134,1180372,1704851,378,738,172,1030,824,0.6464301789391644,3244357,Rossignol Blue base ski1,1,0.4305579755255047
99,9,4486160,1693360,661486,439907,5473577,12047069,356901,1180395,1705029,377,762,175,1070,856,0.632566618968844,3242325,Rossignol Blue base ski1,1,0.4327164256620776
100,0,4208264,1749541,726744,474067,4971480,9967513,536832,1253171,1526807,415,704,192,1411,1128,0.6519097653847664,3316810,Rossignol Red base ski6,1,0.4340291531666954
101,1,4236317,1750727,746107,486180,4858483,10118179,536345,1254008,1528266,413,686,191,1414,1131,0.6512888669422834,3318619,Rossignol Red base ski6,1,0.431530759546097
102,2,4213131,1738301,732515,475302,4831835,10156683,537855,1253554,1527765,412,696,191,1412,1130,0.6336676020958848,3319174,Rossignol Red base ski6,1,0.430523753130981
103,3,4222199,1742037,739297,482351,4830143,10211660,538269,1256337,1528454,412,698,190,1395,1116,0.6379808825455021,3323060,Rossignol Red base ski6,1,0.4296369918824099
104,4,4210234,1742384,735374,473292,4837898,10252032,537191,1255368,1525375,413,704,193,1460,1168,0.6558044619543051,3317934,Rossignol Red base ski6,1,0.4346108524552297
105,5,4202211,1718696,707556,458528,4847175,10276417,536796,1254754,1526592,408,711,190,1302,1041,0.6357446964692065,3318142,Rossignol Red base ski6,1,0.4333595843666412
106,6,4218662,1733978,731669,474247,4842641,10270695,536579,1255091,1527452,411,710,191,1413,1131,0.6459724850078569,3319122,Rossignol Red base ski6,1,0.4342515313174641
107,7,4221356,1744344,728697,476027,4848382,10308798,537801,1254316,1525850,413,691,190,1404,1123,0.6332253831397432,3317967,Rossignol Red base ski6,1,0.4308557305021908
108,8,4225322,1728657,725222,476237,4825264,10299225,536812,1255023,1525527,409,709,187,1417,1134,0.6464301789391644,3317362,Rossignol Red base ski6,1,0.4305579755255047
109,9,4217670,1730565,734158,471558,4825264,10342482,536615,1254806,1525572,410,725,192,1427,1141,0.632566618968844,3316993,Rossignol Red base ski6,1,0.4327164256620776
110,0,4721930,2194389,735153,522299,4960314,7880261,322574,867485,999221,464,759,298,1236,989,0.6519097653847664,2189280,Rossignol black base ski1,1,0.4340291531666954
111,1,4711164,2189451,741029,523094,4829565,7949830,323401,868407,998254,464,747,300,1200,960,0.6512888669422834,2190062,Rossignol black base ski1,1,0.431530759546097
112,2,4732709,2185365,736284,526814,4827654,7965747,322969,868345,998692,461,736,294,1150,920,0.6336676020958848,2190006,Rossignol black base ski1,1,0.430523753130981
113,3,4739668,2190171,738628,528478,4825295,8000259,324785,868822,999310,462,743,294,1156,925,0.6379808825455021,2192917,Rossignol black base ski1,1,0.4296369918824099
114,4,4726867,2191482,733645,536849,4807841,8018315,323347,867739,1001261,463,744,288,1080,864,0.6558044619543051,2192347,Rossignol black base ski1,1,0.4346108524552297
115,5,4737010,2201661,746891,527498,4819388,8028574,323024,868061,998531,464,736,300,1230,984,0.6357446964692065,2189616,Rossignol black base ski1,1,0.4333595843666412
116,6,4730218,2188312,742676,530203,4799674,8068118,323760,869290,1000375,462,735,295,1226,980,0.6459724850078569,2193425,Rossignol black base ski1,1,0.4342515313174641
117,7,4732454,2186011,743128,526498,4809516,8067575,323257,868929,998701,461,736,297,1223,979,0.6332253831397432,2190887,Rossignol black base ski1,1,0.4308557305021908
118,8,4727037,2199226,736729,528519,4817820,8059647,324104,866848,999167,465,739,296,1166,932,0.6464301789391644,2190119,Rossignol black base ski1,1,0.4305579755255047
119,9,4720810,2184573,729199,525679,4817820,8067853,323491,868123,998531,462,763,293,1159,927,0.632566618968844,2190145,Rossignol black base ski1,1,0.4327164256620776
120,0,4767264,2163649,645286,496450,4650219,7300675,322898,840206,976117,453,749,275,930,744,0.6519097653847664,2139221,Rossignol ski2 ,1,0.4340291531666954
121,1,4770171,2147757,653654,489822,4524503,7357801,323439,837455,978086,450,759,280,931,744,0.6512888669422834,2138980,Rossignol ski2 ,1,0.431530759546097
122,2,4778075,2140986,657866,495856,4522275,7376865,321981,836065,977397,448,752,278,913,731,0.6336676020958848,2135443,Rossignol ski2 ,1,0.430523753130981
123,3,4784783,2153239,651647,500045,4499412,7435556,323652,836634,977155,450,744,274,884,707,0.6379808825455021,2137441,Rossignol ski2 ,1,0.4296369918824099
124,4,4776942,2147417,655485,497801,4521395,7449222,322340,837440,978624,449,752,276,880,704,0.6558044619543051,2138404,Rossignol ski2 ,1,0.4346108524552297
125,5,4768937,2153149,642473,497061,4502011,7474552,323509,838001,978427,451,757,272,894,715,0.6357446964692065,2139937,Rossignol ski2 ,1,0.4333595843666412
126,6,4779602,2149135,651681,509620,4498028,7464428,322609,837556,977889,449,741,268,856,685,0.6459724850078569,2138054,Rossignol ski2 ,1,0.4342515313174641
127,7,4777124,2163273,658705,497561,4511543,7487364,322988,836419,976672,452,747,280,928,742,0.6332253831397432,2136079,Rossignol ski2 ,1,0.4308557305021908
128,8,4793404,2149752,647908,491951,4497989,7522158,322484,836703,976689,448,771,276,869,695,0.6464301789391644,2135876,Rossignol ski2 ,1,0.4305579755255047
129,9,4787227,2149777,650622,499510,4497989,7506172,322610,837126,975517,449,753,273,889,711,0.632566618968844,2135253,Rossignol ski2 ,1,0.4327164256620776
130,0,4873438,2082015,701189,510380,3753528,6887882,301346,752899,902500,427,730,299,1021,817,0.6519097653847664,1956745,Rossignol ski3,1,0.4340291531666954
131,1,4890862,2093942,713831,517143,3608268,6908195,301202,752223,904175,428,723,301,1076,860,0.6512888669422834,1957600,Rossignol ski3,1,0.431530759546097
132,2,4872800,2084952,710285,505960,3614264,6925975,301256,752179,901990,427,760,307,1063,850,0.6336676020958848,1955425,Rossignol ski3,1,0.430523753130981
133,3,4881088,2085440,703129,517790,3619894,6968768,300662,751386,901131,427,744,297,960,768,0.6379808825455021,1953179,Rossignol ski3,1,0.4296369918824099
134,4,4870619,2085518,712717,507575,3604714,6981917,301525,751671,901570,428,763,307,1051,840,0.6558044619543051,1954766,Rossignol ski3,1,0.4346108524552297
135,5,4886837,2092330,717832,523098,3608074,6971235,301166,753115,902349,428,726,300,992,794,0.6357446964692065,1956630,Rossignol ski3,1,0.4333595843666412
136,6,4879189,2089349,711657,516019,3612614,7000992,301328,752232,903790,428,737,301,1027,822,0.6459724850078569,1957350,Rossignol ski3,1,0.4342515313174641
137,7,4889657,2086639,722614,528687,3599042,6988531,301454,753753,903700,426,707,297,1054,843,0.6332253831397432,1958907,Rossignol ski3,1,0.4308557305021908
138,8,4880251,2084415,718209,523653,3603140,7018904,301005,751356,901417,427,722,299,1029,823,0.6464301789391644,1953778,Rossignol ski3,1,0.4305579755255047
139,9,4886327,2091425,711562,513164,3603140,7021317,302065,752201,901481,428,741,303,1024,819,0.632566618968844,1955747,Rossignol ski3,1,0.4327164256620776
140,0,4372150,1886932,662828,490897,3966231,6786468,309542,797238,942334,431,732,284,1053,843,0.6519097653847664,2049114,Rossignol ski4,1,0.4340291531666954
141,1,4380497,1904563,657815,495881,3825673,6797291,308050,796976,942916,434,737,281,994,795,0.6512888669422834,2047942,Rossignol ski4,1,0.431530759546097
142,2,4386280,1910592,656789,499401,3816105,6837650,309129,796968,941332,435,733,279,988,790,0.6336676020958848,2047429,Rossignol ski4,1,0.430523753130981
143,3,4402497,1889112,659041,491681,3820479,6852949,310245,798419,941171,429,722,280,1028,822,0.6379808825455021,2049835,Rossignol ski4,1,0.4296369918824099
144,4,4391280,1891728,660379,491361,3824777,6883538,308679,797376,940688,430,735,282,1022,818,0.6558044619543051,2046743,Rossignol ski4,1,0.4346108524552297
145,5,4380001,1890370,655380,493777,3823628,6910540,309596,799259,942316,431,726,279,947,757,0.6357446964692065,2051171,Rossignol ski4,1,0.4333595843666412
146,6,4386259,1889835,671058,500246,3801337,6913791,309812,797784,941619,430,723,282,965,772,0.6459724850078569,2049215,Rossignol ski4,1,0.4342515313174641
147,7,4388986,1889280,662349,498635,3818471,6910675,309920,796546,942495,430,696,279,1096,877,0.6332253831397432,2048961,Rossignol ski4,1,0.4308557305021908
148,8,4388329,1889758,670294,500595,3817146,6921011,309740,797928,942782,430,724,281,985,788,0.6464301789391644,2050450,Rossignol ski4,1,0.4305579755255047
149,9,4383271,1888750,661055,500981,3817146,6942438,309418,799880,941788,430,725,277,1007,806,0.632566618968844,2051086,Rossignol ski4,1,0.4327164256620776
150,0,4283547,1973074,738489,488061,3885495,6267161,285563,756781,895751,460,676,359,1439,1151,0.6519097653847664,1938095,Rossignol ski5,1,0.4340291531666954
151,1,4294893,1970018,729156,492746,3726801,6276678,287525,758370,891831,458,721,350,1385,1108,0.6512888669422834,1937726,Rossignol ski5,1,0.431530759546097
152,2,4294431,1965696,728952,488486,3725721,6343704,285546,756013,895724,457,738,352,1446,1157,0.6336676020958848,1937283,Rossignol ski5,1,0.430523753130981
153,3,4302093,1967372,733602,487971,3734200,6389787,286948,755505,895706,457,734,354,1423,1139,0.6379808825455021,1938159,Rossignol ski5,1,0.4296369918824099
154,4,4296534,1976650,732474,494031,3717040,6398062,286463,758086,895895,460,718,351,1377,1101,0.6558044619543051,1940444,Rossignol ski5,1,0.4346108524552297
155,5,4299743,1976743,732406,502090,3732203,6400123,286085,756574,896315,459,709,345,1361,1089,0.6357446964692065,1938974,Rossignol ski5,1,0.4333595843666412
156,6,4296409,1965945,720155,490811,3709894,6432642,286606,755758,894050,457,724,346,1392,1113,0.6459724850078569,1936414,Rossignol ski5,1,0.4342515313174641
157,7,4299588,1989801,736146,497625,3717936,6416860,287128,756189,895330,462,709,353,1425,1140,0.6332253831397432,1938647,Rossignol ski5,1,0.4308557305021908
158,8,4298709,1971111,729260,496286,3722753,6430097,288082,756158,894865,458,723,347,1440,1152,0.6464301789391644,1939105,Rossignol ski5,1,0.4305579755255047
159,9,4292187,1982845,728083,499450,3722753,6444771,285815,756788,895527,461,728,347,1370,1096,0.632566618968844,1938130,Rossignol ski5,1,0.4327164256620776
160,0,4862573,2163608,764528,525028,4607295,7235642,306648,813797,954517,444,740,312,1268,1014,0.6519097653847664,2074962,Salomon BB left ski1,1,0.4340291531666954
161,1,4873633,2170972,762820,517404,4493962,7298461,308120,813712,954204,445,735,316,1257,1006,0.6512888669422834,2076036,Salomon BB left ski1,1,0.431530759546097
162,2,4878984,2167943,761614,518529,4505056,7308045,306505,816217,954437,444,740,314,1232,986,0.6336676020958848,2077159,Salomon BB left ski1,1,0.430523753130981
163,3,4877436,2163839,763523,506626,4501627,7332301,306144,815372,954150,443,768,322,1273,1018,0.6379808825455021,2075666,Salomon BB left ski1,1,0.4296369918824099
164,4,4884560,2174022,756649,524228,4498454,7341648,307548,814965,954061,445,723,309,1232,985,0.6558044619543051,2076574,Salomon BB left ski1,1,0.4346108524552297
165,5,4870805,2175102,763822,510784,4484319,7361770,307062,815964,955547,446,739,321,1331,1064,0.6357446964692065,2078573,Salomon BB left ski1,1,0.4333595843666412
166,6,4879208,2164896,770686,522098,4490983,7354544,307187,813904,956173,443,727,315,1312,1050,0.6459724850078569,2077264,Salomon BB left ski1,1,0.4342515313174641
167,7,4877168,2170600,769158,525993,4487648,7375131,307494,817276,955000,445,746,312,1221,977,0.6332253831397432,2079770,Salomon BB left ski1,1,0.4308557305021908
168,8,4869725,2170484,763594,519034,4491903,7391531,307549,815171,953963,445,750,315,1260,1008,0.6464301789391644,2076683,Salomon BB left ski1,1,0.4305579755255047
169,9,4875395,2170103,756483,523603,4491903,7395317,307258,814980,954813,445,732,309,1211,969,0.632566618968844,2077051,Salomon BB left ski1,1,0.4327164256620776
170,0,5129058,2254477,769691,542682,4309915,8016505,324513,829303,998272,439,734,289,1092,874,0.6519097653847664,2152088,Salomon BB right ski1,1,0.4340291531666954
171,1,5137683,2249517,765788,542797,4188707,8027048,324084,826929,998370,437,729,287,1118,894,0.6512888669422834,2149383,Salomon BB right ski1,1,0.431530759546097
172,2,5144816,2260070,776817,541102,4191291,8081480,323866,827712,998656,439,739,293,1125,900,0.6336676020958848,2150234,Salomon BB right ski1,1,0.430523753130981
173,3,5118442,2247621,756808,535429,4188803,8103030,324605,827151,996983,439,741,288,1092,873,0.6379808825455021,2148739,Salomon BB right ski1,1,0.4296369918824099
174,4,5137436,2264815,780196,548631,4191153,8118748,323632,827312,997269,440,737,291,1147,917,0.6558044619543051,2148213,Salomon BB right ski1,1,0.4346108524552297
175,5,5144537,2259831,767905,555895,4187661,8128248,323812,826829,996929,439,716,282,1049,839,0.6357446964692065,2147570,Salomon BB right ski1,1,0.4333595843666412
176,6,5137470,2262811,763057,548082,4174606,8177852,322895,826944,997028,440,753,285,1070,856,0.6459724850078569,2146867,Salomon BB right ski1,1,0.4342515313174641
177,7,5133014,2259466,781640,544097,4192260,8149535,324082,826997,998568,440,736,294,1123,899,0.6332253831397432,2149647,Salomon BB right ski1,1,0.4308557305021908
178,8,5133194,2256848,766767,540078,4180827,8178613,323256,827259,997815,439,740,290,1089,871,0.6464301789391644,2148330,Salomon BB right ski1,1,0.4305579755255047
179,9,5141722,2260412,774276,547817,4180827,8180611,323812,826782,998451,439,732,289,1085,868,0.632566618968844,2149045,Salomon BB right ski1,1,0.4327164256620776
180,0,4330740,2058910,783697,531328,3683907,6889796,292449,754660,910691,475,710,358,1548,1238,0.6519097653847664,1957800,Salomon NF blue Holmenkol left ski3,1,0.4340291531666954
181,1,4335665,2072514,779326,532233,3542810,6949655,290092,754699,912893,478,724,357,1543,1235,0.6512888669422834,1957684,Salomon NF blue Holmenkol left ski3,1,0.431530759546097
182,2,4345831,2064632,780349,534252,3561523,7013590,290721,754353,911667,475,710,354,1509,1207,0.6336676020958848,1956741,Salomon NF blue Holmenkol left ski3,1,0.430523753130981
183,3,4376365,2051065,789166,519549,3560367,7014414,291010,752916,910834,468,721,364,1565,1252,0.6379808825455021,1954760,Salomon NF blue Holmenkol left ski3,1,0.4296369918824099
184,4,4370331,2051227,791125,525919,3564239,7080894,290092,754507,910530,469,720,361,1510,1208,0.6558044619543051,1955129,Salomon NF blue Holmenkol left ski3,1,0.4346108524552297
185,5,4373555,2058596,789447,527129,3560980,7072837,290003,754060,909331,470,716,360,1527,1222,0.6357446964692065,1953394,Salomon NF blue Holmenkol left ski3,1,0.4333595843666412
186,6,4382525,2058059,777370,529048,3555727,7090963,291874,754307,911112,469,713,352,1455,1164,0.6459724850078569,1957293,Salomon NF blue Holmenkol left ski3,1,0.4342515313174641
187,7,4368207,2071753,787553,536722,3551471,7106250,291606,752954,909214,474,696,356,1520,1216,0.6332253831397432,1953774,Salomon NF blue Holmenkol left ski3,1,0.4308557305021908
188,8,4372219,2060117,797429,533487,3554713,7093848,290595,752739,910244,471,715,360,1568,1254,0.6464301789391644,1953578,Salomon NF blue Holmenkol left ski3,1,0.4305579755255047
189,9,4355249,2072242,773699,520213,3554713,7119408,290938,753508,910459,475,721,361,1561,1249,0.632566618968844,1954905,Salomon NF blue Holmenkol left ski3,1,0.4327164256620776
190,0,4362185,1962270,787845,561435,3809620,7177757,284376,751447,901722,449,675,325,1315,1052,0.6519097653847664,1937545,Salomon NF blue Holmenkol right ski3,1,0.4340291531666954
191,1,4369063,1950678,789257,557766,3678737,7222674,284376,749826,901633,446,685,326,1394,1115,0.6512888669422834,1935835,Salomon NF blue Holmenkol right ski3,1,0.431530759546097
192,2,4383858,1963908,804772,567398,3682807,7267315,285780,748920,902152,447,648,328,1421,1136,0.6336676020958848,1936852,Salomon NF blue Holmenkol right ski3,1,0.430523753130981
193,3,4368328,1956301,794532,563296,3684000,7292051,284989,748713,905159,447,683,325,1335,1068,0.6379808825455021,1938861,Salomon NF blue Holmenkol right ski3,1,0.4296369918824099
194,4,4370980,1960033,803353,561876,3684015,7289632,283838,750832,904130,448,684,330,1337,1069,0.6558044619543051,1938800,Salomon NF blue Holmenkol right ski3,1,0.4346108524552297
195,5,4363186,1952172,786119,555481,3675945,7344207,284359,749334,904174,447,689,326,1315,1052,0.6357446964692065,1937867,Salomon NF blue Holmenkol right ski3,1,0.4333595843666412
196,6,4368567,1968210,787400,561400,3681683,7323191,283856,748467,905249,450,682,326,1351,1081,0.6459724850078569,1937572,Salomon NF blue Holmenkol right ski3,1,0.4342515313174641
197,7,4380671,1958603,803913,554911,3685530,7337308,285404,749458,903002,447,682,334,1386,1108,0.6332253831397432,1937864,Salomon NF blue Holmenkol right ski3,1,0.4308557305021908
198,8,4364220,1958762,784014,554211,3676900,7343857,284702,750696,903396,448,683,327,1324,1059,0.6464301789391644,1938794,Salomon NF blue Holmenkol right ski3,1,0.4305579755255047
199,9,4371732,1963708,793415,555186,3676900,7341378,283064,750409,903432,449,690,331,1361,1089,0.632566618968844,1936905,Salomon NF blue Holmenkol right ski3,1,0.4327164256620776
200,0,4032166,1926344,791730,515639,3388427,6010335,261189,712167,828195,477,712,407,1752,1402,0.6519097653847664,1801551,Vola NF purple ski5,1,0.4340291531666954
201,1,4050042,1942786,776168,518033,3255180,6031486,263275,713065,828732,479,712,398,1684,1347,0.6512888669422834,1805072,Vola NF purple ski5,1,0.431530759546097
202,2,4057606,1939083,782390,528909,3257173,6096307,262520,711230,826190,477,710,392,1630,1304,0.6336676020958848,1799940,Vola NF purple ski5,1,0.430523753130981
203,3,4047223,1933564,770041,511909,3270205,6094380,262197,711169,827317,477,718,399,1705,1364,0.6379808825455021,1800683,Vola NF purple ski5,1,0.4296369918824099
204,4,4053650,1932918,782272,516434,3268233,6103682,263399,711576,829439,476,713,400,1619,1295,0.6558044619543051,1804414,Vola NF purple ski5,1,0.4346108524552297
205,5,4050134,1933178,775251,515979,3250941,6116423,262703,711376,827228,477,700,398,1700,1360,0.6357446964692065,1801307,Vola NF purple ski5,1,0.4333595843666412
206,6,4043805,1943128,775037,529912,3258761,6137297,261963,709978,826405,480,695,390,1661,1329,0.6459724850078569,1798346,Vola NF purple ski5,1,0.4342515313174641
207,7,4055756,1931013,777058,520509,3259662,6158579,261765,710415,827031,476,717,395,1646,1317,0.6332253831397432,1799211,Vola NF purple ski5,1,0.4308557305021908
208,8,4054845,1941693,776708,519424,3248712,6177462,263042,712282,827049,478,719,397,1625,1300,0.6464301789391644,1802373,Vola NF purple ski5,1,0.4305579755255047
209,9,4060241,1940396,779741,519344,3248712,6157001,262485,710476,828732,477,705,398,1659,1327,0.632566618968844,1801693,Vola NF purple ski5,1,0.4327164256620776
210,0,4725936,2051194,764230,498209,4283114,5238618,298594,810768,926786,434,669,326,1366,1093,0.6519097653847664,2036148,Vola ski1 old brush,1,0.4340291531666954
211,1,4725151,2039048,761444,495920,4080412,5851949,300358,808986,926517,431,738,325,1380,1104,0.6512888669422834,2035861,Vola ski1 old brush,1,0.431530759546097
212,2,4725356,2034378,764355,484347,4071657,6091761,298414,809830,926016,430,744,333,1381,1105,0.6336676020958848,2034260,Vola ski1 old brush,1,0.430523753130981
213,3,4718765,2027356,763700,487226,4067499,6185869,298252,809539,924307,429,756,331,1386,1109,0.6379808825455021,2032098,Vola ski1 old brush,1,0.4296369918824099
214,4,4736237,2058420,762491,500045,4063747,6309326,299730,807941,925398,434,733,325,1294,1035,0.6558044619543051,2033069,Vola ski1 old brush,1,0.4346108524552297
215,5,4721084,2045927,762888,485002,4073132,6385373,299619,808164,923563,433,766,335,1393,1114,0.6357446964692065,2031346,Vola ski1 old brush,1,0.4333595843666412
216,6,4753913,2064394,779575,503584,4061996,6450893,299100,809707,924351,434,711,330,1352,1081,0.6459724850078569,2033158,Vola ski1 old brush,1,0.4342515313174641
217,7,4719979,2033630,758992,480613,4063720,6548447,298901,808133,925712,430,748,334,1403,1123,0.6332253831397432,2032746,Vola ski1 old brush,1,0.4308557305021908
218,8,4729168,2036181,753161,486866,4063263,6591219,299333,807865,926821,430,741,327,1320,1056,0.6464301789391644,2034019,Vola ski1 old brush,1,0.4305579755255047
219,9,4744308,2052940,770126,487156,4063263,6593771,298396,809416,924834,432,741,336,1438,1150,0.632566618968844,2032646,Vola ski1 old brush,1,0.4327164256620776
220,0,4313104,1935457,724951,508994,4046521,6751674,300160,781331,941663,448,697,315,1297,1037,0.6312839021893273,2023154,LF BB ski1 hinten DSV max 1% fluor,2,0.4215602091084052
221,1,4319991,1933556,727219,502189,3907056,6886434,298486,782091,941994,447,710,320,1387,1110,0.6300137138379155,2022571,LF BB ski1 hinten DSV max 1% fluor,2,0.4240197132933972
222,2,4311729,1934428,727515,500360,3903627,6948296,298162,781692,941010,448,708,322,1310,1048,0.6424083538262375,2020864,LF BB ski1 hinten DSV max 1% fluor,2,0.4230873699652594
223,3,4305298,1929450,726167,497586,3895541,6982389,298560,780141,942245,448,720,323,1350,1080,0.6378937117270653,2020946,LF BB ski1 hinten DSV max 1% fluor,2,0.4254381344211119
224,4,4320225,1936670,724499,506435,3890178,7011950,299332,780272,941207,448,730,317,1291,1033,0.6299710520402363,2020811,LF BB ski1 hinten DSV max 1% fluor,2,0.4243075261555239
225,5,4301235,1932271,725885,502769,3900316,7051211,298827,780993,943739,449,711,320,1358,1087,0.646325305899774,2023559,LF BB ski1 hinten DSV max 1% fluor,2,0.4244748858833403
226,6,4310698,1942693,725783,509784,3896011,7076080,299117,782430,941457,450,710,317,1268,1015,0.6349683484670677,2023004,LF BB ski1 hinten DSV max 1% fluor,2,0.4217404236771868
227,7,4316194,1939635,728144,510244,3892021,7085310,299047,781300,941753,449,719,317,1306,1045,0.6290654991853724,2022100,LF BB ski1 hinten DSV max 1% fluor,2,0.4244912305544879
228,8,4311238,1944084,727366,510794,3888001,7106465,299728,783721,941332,450,703,317,1331,1065,0.6305832469588107,2024781,LF BB ski1 hinten DSV max 1% fluor,2,0.4218873859412355
229,9,4313536,1931599,729023,501730,3888001,7134227,299674,782669,943507,447,718,321,1344,1075,0.623997837447252,2025850,LF BB ski1 hinten DSV max 1% fluor,2,0.4243054968369998
230,0,3890748,1876175,720695,480372,3909832,7269731,312650,774677,961607,482,742,353,1650,1320,0.6312839021893273,2048934,LF BB ski1 vorne DSV max 1% fluor,2,0.4215602091084052
231,1,3892590,1877780,728286,480031,3784478,7295854,313333,775868,961320,482,715,356,1758,1406,0.6300137138379155,2050521,LF BB ski1 vorne DSV max 1% fluor,2,0.4240197132933972
232,2,3888666,1887160,731802,493471,3777132,7372787,311985,776245,960873,485,722,351,1611,1288,0.6424083538262375,2049103,LF BB ski1 vorne DSV max 1% fluor,2,0.4230873699652594
233,3,3894359,1882016,728249,487206,3781966,7391529,312812,775299,960855,483,735,352,1641,1313,0.6378937117270653,2048966,LF BB ski1 vorne DSV max 1% fluor,2,0.4254381344211119
234,4,3897701,1888691,724190,484736,3779627,7459958,312560,775214,960908,484,716,353,1615,1292,0.6299710520402363,2048682,LF BB ski1 vorne DSV max 1% fluor,2,0.4243075261555239
235,5,3900516,1883124,726934,484017,3772256,7466972,312759,776512,960962,482,739,353,1634,1307,0.646325305899774,2050233,LF BB ski1 vorne DSV max 1% fluor,2,0.4244748858833403
236,6,3889346,1875450,725059,481112,3779132,7485914,312993,775100,962708,482,734,354,1651,1320,0.6349683484670677,2050801,LF BB ski1 vorne DSV max 1% fluor,2,0.4217404236771868
237,7,3895011,1881915,731489,482337,3774433,7504512,311446,775315,960793,483,725,357,1644,1315,0.6290654991853724,2047554,LF BB ski1 vorne DSV max 1% fluor,2,0.4244912305544879
238,8,3885947,1886420,716776,493161,3781966,7511750,313711,774892,963022,485,711,343,1560,1248,0.6305832469588107,2051625,LF BB ski1 vorne DSV max 1% fluor,2,0.4218873859412355
239,9,3883969,1878076,732620,474222,3781966,7527315,312580,774354,960926,483,747,364,1736,1388,0.623997837447252,2047860,LF BB ski1 vorne DSV max 1% fluor,2,0.4243054968369998
240,0,3920494,1872642,768852,501356,3877488,6930240,302640,769329,932980,477,724,365,1734,1387,0.6312839021893273,2004949,LF BB1 hinten 1% DSV alte Bürste,2,0.4215602091084052
241,1,3915146,1900317,762267,499600,3757059,6955943,301254,770443,933508,485,711,369,1789,1431,0.6300137138379155,2005205,LF BB1 hinten 1% DSV alte Bürste,2,0.4240197132933972
242,2,3914895,1890265,761176,495485,3755886,7047079,303016,770436,935298,482,707,369,1840,1472,0.6424083538262375,2008750,LF BB1 hinten 1% DSV alte Bürste,2,0.4230873699652594
243,3,3915159,1890674,767113,505510,3756557,7091787,302460,771803,934395,482,708,364,1777,1422,0.6378937117270653,2008658,LF BB1 hinten 1% DSV alte Bürste,2,0.4254381344211119
244,4,3946610,1902542,799115,513633,3755508,7057755,302802,770927,933356,482,689,373,1809,1447,0.6299710520402363,2007085,LF BB1 hinten 1% DSV alte Bürste,2,0.4243075261555239
245,5,3928332,1889712,768652,503900,3738518,7110673,303217,771381,934573,481,709,365,1770,1416,0.646325305899774,2009171,LF BB1 hinten 1% DSV alte Bürste,2,0.4244748858833403
246,6,3909868,1901464,766676,497795,3754207,7102888,301793,771012,932175,486,709,373,1788,1431,0.6349683484670677,2004980,LF BB1 hinten 1% DSV alte Bürste,2,0.4217404236771868
247,7,3926605,1890417,770812,501825,3738560,7143802,302407,771404,933885,481,703,368,1796,1437,0.6290654991853724,2007696,LF BB1 hinten 1% DSV alte Bürste,2,0.4244912305544879
248,8,3914918,1883073,772544,513344,3747007,7141257,302891,770213,932300,480,706,360,1740,1392,0.6305832469588107,2005404,LF BB1 hinten 1% DSV alte Bürste,2,0.4218873859412355
249,9,3920134,1888190,761659,501740,3747007,7159027,301867,772095,932291,481,722,364,1750,1400,0.623997837447252,2006253,LF BB1 hinten 1% DSV alte Bürste,2,0.4243054968369998
250,0,4373915,1923939,745515,508585,4600544,7082076,305966,822979,969368,439,716,307,1373,1098,0.6312839021893273,2098313,LF BB1 vorne 1% DSV alte Bürste,2,0.4215602091084052
251,1,4387299,1952120,748399,516139,4471553,7133397,304903,826106,970280,444,715,307,1360,1088,0.6300137138379155,2101289,LF BB1 vorne 1% DSV alte Bürste,2,0.4240197132933972
252,2,4386927,1940829,737989,507600,4476453,7165705,305425,823947,969699,442,735,306,1301,1041,0.6424083538262375,2099071,LF BB1 vorne 1% DSV alte Bürste,2,0.4230873699652594
253,3,4397434,1926750,748807,517900,4459023,7207317,306666,824401,969824,438,711,301,1290,1032,0.6378937117270653,2100891,LF BB1 vorne 1% DSV alte Bürste,2,0.4254381344211119
254,4,4392930,1930486,742955,507354,4465480,7258576,306664,824508,971453,439,722,306,1400,1120,0.6299710520402363,2102625,LF BB1 vorne 1% DSV alte Bürste,2,0.4243075261555239
255,5,4401774,1936254,748905,514079,4473211,7263744,307062,823747,970012,439,703,305,1322,1058,0.646325305899774,2100821,LF BB1 vorne 1% DSV alte Bürste,2,0.4244748858833403
256,6,4404472,1952604,750043,521668,4466878,7266222,306037,824293,971060,443,709,303,1302,1041,0.6349683484670677,2101390,LF BB1 vorne 1% DSV alte Bürste,2,0.4217404236771868
257,7,4408213,1937957,756649,525257,4474712,7293993,306145,824768,970863,439,687,301,1359,1087,0.6290654991853724,2101776,LF BB1 vorne 1% DSV alte Bürste,2,0.4244912305544879
258,8,4413340,1925002,757002,513624,4467346,7318988,305605,823448,970737,436,702,306,1349,1079,0.6305832469588107,2099790,LF BB1 vorne 1% DSV alte Bürste,2,0.4218873859412355
259,9,4402327,1948001,743760,520074,4467346,7291983,306307,824178,972134,442,710,300,1293,1034,0.623997837447252,2102619,LF BB1 vorne 1% DSV alte Bürste,2,0.4243054968369998
260,0,4448342,2019787,710903,479642,4148622,8082862,336434,838716,1034229,454,756,304,1320,1056,0.6312839021893273,2209379,LF8 BB Holmenkol hinten DSV,2,0.4215602091084052
261,1,4456199,2020942,708227,492815,4032351,8109659,336396,840237,1033889,453,733,294,1328,1062,0.6300137138379155,2210522,LF8 BB Holmenkol hinten DSV,2,0.4240197132933972
262,2,4460368,2024372,713009,491716,4037822,8124954,335282,840046,1033531,453,741,297,1276,1021,0.6424083538262375,2208859,LF8 BB Holmenkol hinten DSV,2,0.4230873699652594
263,3,4458304,2026854,711834,485941,4019607,8148926,335408,840929,1033853,454,743,301,1294,1035,0.6378937117270653,2210190,LF8 BB Holmenkol hinten DSV,2,0.4254381344211119
264,4,4461743,2013340,705826,490321,4032524,8144934,334813,838970,1032743,451,742,294,1241,993,0.6299710520402363,2206526,LF8 BB Holmenkol hinten DSV,2,0.4243075261555239
265,5,4460383,2019412,716922,483121,4022061,8198187,335156,839285,1033862,452,749,304,1354,1083,0.646325305899774,2208303,LF8 BB Holmenkol hinten DSV,2,0.4244748858833403
266,6,4470670,2016002,715977,494395,4030877,8220851,336794,839462,1034524,450,734,295,1337,1070,0.6349683484670677,2210780,LF8 BB Holmenkol hinten DSV,2,0.4217404236771868
267,7,4456090,2017915,708624,493490,4030767,8191430,335120,838777,1033943,452,742,294,1312,1050,0.6290654991853724,2207840,LF8 BB Holmenkol hinten DSV,2,0.4244912305544879
268,8,4465879,2017769,725464,496160,4012638,8221194,336882,839507,1035268,451,695,298,1333,1066,0.6305832469588107,2211657,LF8 BB Holmenkol hinten DSV,2,0.4218873859412355
269,9,4458539,2026933,714698,486326,4012638,8224848,336468,840614,1034516,454,734,302,1264,1011,0.623997837447252,2211598,LF8 BB Holmenkol hinten DSV,2,0.4243054968369998
270,0,4224238,1975626,673027,477657,4175800,7595248,326781,812060,1007653,467,739,307,1247,997,0.6312839021893273,2146494,LF8 BB Holmenkol vorne DSV,2,0.4215602091084052
271,1,4235379,1977383,677208,476757,4042954,7613096,327124,812322,1006668,466,747,309,1305,1044,0.6300137138379155,2146114,LF8 BB Holmenkol vorne DSV,2,0.4240197132933972
272,2,4222076,1978378,681824,489131,4032140,7673450,326457,812230,1005961,468,732,304,1257,1005,0.6424083538262375,2144648,LF8 BB Holmenkol vorne DSV,2,0.4230873699652594
273,3,4230299,1978201,673547,486937,4040134,7709133,326636,814242,1007205,467,750,301,1191,953,0.6378937117270653,2148083,LF8 BB Holmenkol vorne DSV,2,0.4254381344211119
274,4,4222463,1974878,671577,475283,4024759,7689911,326474,811499,1008709,467,751,307,1253,1002,0.6299710520402363,2146682,LF8 BB Holmenkol vorne DSV,2,0.4243075261555239
275,5,4234724,1982582,678397,489250,4033365,7731308,324927,812375,1005854,468,720,302,1224,979,0.646325305899774,2143156,LF8 BB Holmenkol vorne DSV,2,0.4244748858833403
276,6,4230666,1979923,672487,481047,4040438,7758038,325829,811445,1006740,467,741,305,1217,974,0.6349683484670677,2144014,LF8 BB Holmenkol vorne DSV,2,0.4217404236771868
277,7,4239967,1972515,682615,486101,4043064,7786696,327266,811514,1006507,465,746,304,1324,1059,0.6290654991853724,2145287,LF8 BB Holmenkol vorne DSV,2,0.4244912305544879
278,8,4238879,1986296,684052,491156,4014541,7756592,324676,813903,1006874,468,743,304,1249,999,0.6305832469588107,2145453,LF8 BB Holmenkol vorne DSV,2,0.4218873859412355
279,9,4232667,1983264,680819,478497,4014541,7774845,326473,812767,1006811,468,757,310,1305,1044,0.623997837447252,2146051,LF8 BB Holmenkol vorne DSV,2,0.4243054968369998
280,0,4491690,1915203,718225,490342,4401392,7385887,327301,802754,980163,426,742,295,1274,1019,0.6312839021893273,2110218,LF8 BB Laser structur hinten  DSV,2,0.4215602091084052
281,1,4486815,1931036,729468,503160,4297661,7410968,326744,805243,978284,430,723,295,1232,985,0.6300137138379155,2110271,LF8 BB Laser structur hinten  DSV,2,0.4240197132933972
282,2,4498827,1919333,726333,503015,4283370,7450650,326870,802108,978803,426,718,292,1240,992,0.6424083538262375,2107781,LF8 BB Laser structur hinten  DSV,2,0.4230873699652594
283,3,4498559,1906665,714326,486632,4280370,7451960,327211,801180,978892,423,741,295,1260,1008,0.6378937117270653,2107283,LF8 BB Laser structur hinten  DSV,2,0.4254381344211119
284,4,4506339,1925525,724452,501515,4297502,7492738,326510,801725,978954,427,712,292,1241,992,0.6299710520402363,2107189,LF8 BB Laser structur hinten  DSV,2,0.4243075261555239
285,5,4491744,1917088,723528,485996,4281401,7476693,326619,804045,978131,426,745,301,1313,1050,0.646325305899774,2108795,LF8 BB Laser structur hinten  DSV,2,0.4244748858833403
286,6,4495411,1918004,724455,492897,4294467,7463461,327337,802862,977943,426,728,297,1242,994,0.6349683484670677,2108142,LF8 BB Laser structur hinten  DSV,2,0.4217404236771868
287,7,4501046,1904441,718572,486577,4271948,7506185,327283,802124,978087,423,728,296,1297,1037,0.6290654991853724,2107494,LF8 BB Laser structur hinten  DSV,2,0.4244912305544879
288,8,4494561,1917281,723602,500281,4278637,7488397,328110,802962,978310,426,730,292,1240,992,0.6305832469588107,2109382,LF8 BB Laser structur hinten  DSV,2,0.4218873859412355
289,9,4471794,1917114,717984,492772,4278637,7491297,325773,801863,977629,428,763,296,1242,993,0.623997837447252,2105265,LF8 BB Laser structur hinten  DSV,2,0.4243054968369998
290,0,3826652,1664749,748685,527642,3887834,6702899,285562,737686,892959,435,639,322,1463,1170,0.6312839021893273,1916207,LF8 BB Laser structur vorne  DSV,2,0.4215602091084052
291,1,3802587,1634699,722040,510520,3747172,6702906,286463,738270,893540,429,676,316,1393,1114,0.6300137138379155,1918273,LF8 BB Laser structur vorne  DSV,2,0.4240197132933972
292,2,3824128,1644194,733867,517778,3762380,6741490,285384,738016,892851,429,632,318,1429,1143,0.6424083538262375,1916251,LF8 BB Laser structur vorne  DSV,2,0.4230873699652594
293,3,3809529,1632135,726863,518809,3749193,6749956,285006,739430,891875,428,657,313,1359,1087,0.6378937117270653,1916311,LF8 BB Laser structur vorne  DSV,2,0.4254381344211119
294,4,3818820,1642465,730456,509034,3757356,6754499,284539,738669,895626,430,666,321,1445,1156,0.6299710520402363,1918834,LF8 BB Laser structur vorne  DSV,2,0.4243075261555239
295,5,3811957,1642709,725297,511379,3748950,6781231,285366,740744,894444,430,666,318,1378,1103,0.646325305899774,1920554,LF8 BB Laser structur vorne  DSV,2,0.4244748858833403
296,6,3811135,1644067,749228,519668,3740040,6804858,284557,741035,894623,431,625,323,1467,1174,0.6349683484670677,1920215,LF8 BB Laser structur vorne  DSV,2,0.4217404236771868
297,7,3808322,1632305,729135,517409,3745373,6780269,285708,737210,892278,428,665,315,1371,1096,0.6290654991853724,1915196,LF8 BB Laser structur vorne  DSV,2,0.4244912305544879
298,8,3815467,1638230,730130,516374,3741479,6800868,285565,740151,892752,429,670,316,1393,1115,0.6305832469588107,1918468,LF8 BB Laser structur vorne  DSV,2,0.4218873859412355
299,9,3811476,1635090,720257,514589,3741479,6802590,285977,740244,892878,428,647,312,1321,1057,0.623997837447252,1919099,LF8 BB Laser structur vorne  DSV,2,0.4243054968369998
300,0,4142776,1952234,705456,493080,3848871,7211530,309702,779295,963693,471,703,328,1422,1138,0.6312839021893273,2052690,LF8 BB Swix hinten DSV,2,0.4215602091084052
301,1,4130311,1945395,695301,489206,3713936,7205945,308751,779004,962968,471,741,326,1342,1073,0.6300137138379155,2050723,LF8 BB Swix hinten DSV,2,0.4240197132933972
302,2,4138356,1953401,700273,488831,3734974,7263336,308715,778350,963388,472,728,329,1384,1107,0.6424083538262375,2050453,LF8 BB Swix hinten DSV,2,0.4230873699652594
303,3,4152840,1953246,699492,491286,3733310,7258853,308391,778604,962421,470,720,326,1347,1077,0.6378937117270653,2049416,LF8 BB Swix hinten DSV,2,0.4254381344211119
304,4,4138890,1946144,698004,487426,3735743,7275528,308428,779779,962654,470,732,328,1413,1130,0.6299710520402363,2050861,LF8 BB Swix hinten DSV,2,0.4243075261555239
305,5,4151048,1966251,706730,493535,3723676,7292407,308751,779579,963093,473,708,330,1403,1122,0.646325305899774,2051423,LF8 BB Swix hinten DSV,2,0.4244748858833403
306,6,4136598,1947846,695005,488087,3726835,7325267,309020,777789,963559,470,751,327,1280,1024,0.6349683484670677,2050368,LF8 BB Swix hinten DSV,2,0.4217404236771868
307,7,4147090,1945601,714918,482012,3721679,7305010,309095,778073,962628,469,737,339,1385,1108,0.6290654991853724,2049796,LF8 BB Swix hinten DSV,2,0.4244912305544879
308,8,4146000,1956790,701988,486526,3730587,7325675,310226,777597,962779,471,727,332,1425,1140,0.6305832469588107,2050602,LF8 BB Swix hinten DSV,2,0.4218873859412355
309,9,4137194,1954944,699386,485502,3730587,7302462,310335,778042,964211,472,730,331,1378,1102,0.623997837447252,2052588,LF8 BB Swix hinten DSV,2,0.4243054968369998
310,0,3974717,1745239,680886,474807,4102309,7116521,307799,782145,946882,439,735,309,1343,1075,0.6312839021893273,2036826,LF8 BB Swix vorne DSV,2,0.4215602091084052
311,1,3974933,1736953,688623,473238,3958753,7175284,308608,782822,948045,436,712,311,1359,1087,0.6300137138379155,2039475,LF8 BB Swix vorne DSV,2,0.4240197132933972
312,2,3991164,1740085,682904,491151,3958543,7252032,307710,781924,946900,435,702,297,1229,983,0.6424083538262375,2036534,LF8 BB Swix vorne DSV,2,0.4230873699652594
313,3,3975527,1732805,688586,469163,3970782,7220552,307672,782138,946676,435,732,314,1415,1132,0.6378937117270653,2036486,LF8 BB Swix vorne DSV,2,0.4254381344211119
314,4,3984376,1739424,686124,477352,3947923,7254172,310228,781163,948968,436,719,307,1305,1044,0.6299710520402363,2040359,LF8 BB Swix vorne DSV,2,0.4243075261555239
315,5,3983717,1754275,681552,470558,3965211,7275391,308410,781116,947347,440,718,313,1350,1080,0.646325305899774,2036873,LF8 BB Swix vorne DSV,2,0.4244748858833403
316,6,3977639,1750996,682799,479402,3967691,7272838,306341,782606,948430,440,712,307,1334,1067,0.6349683484670677,2037377,LF8 BB Swix vorne DSV,2,0.4217404236771868
317,7,3976695,1744253,683125,483621,3954504,7326642,306898,782123,946900,438,712,304,1310,1048,0.6290654991853724,2035921,LF8 BB Swix vorne DSV,2,0.4244912305544879
318,8,3972017,1744107,689961,470283,3949753,7319890,307744,783059,948171,439,729,315,1426,1140,0.6305832469588107,2038974,LF8 BB Swix vorne DSV,2,0.4218873859412355
319,9,3973681,1732777,683080,465983,3949753,7311764,308104,782222,947947,436,715,313,1389,1111,0.623997837447252,2038273,LF8 BB Swix vorne DSV,2,0.4243054968369998
320,0,3745978,1694310,726795,509069,4006177,6811269,276936,742665,882710,452,680,339,1468,1174,0.6312839021893273,1902311,Laser stuctur ski1 hinten 4% fluor DSV,2,0.4215602091084052
321,1,3751325,1691579,728674,516983,3888277,6816987,276505,742074,882405,450,661,334,1442,1154,0.6300137138379155,1900984,Laser stuctur ski1 hinten 4% fluor DSV,2,0.4240197132933972
322,2,3750978,1683021,728293,510309,3902662,6822910,277116,743211,884741,448,670,336,1528,1222,0.6424083538262375,1905068,Laser stuctur ski1 hinten 4% fluor DSV,2,0.4230873699652594
323,3,3729508,1691633,716773,508400,3900091,6866587,276720,742588,882378,453,696,336,1425,1140,0.6378937117270653,1901686,Laser stuctur ski1 hinten 4% fluor DSV,2,0.4254381344211119
324,4,3744676,1690142,716926,510984,3888166,6877471,275840,743695,883810,451,662,332,1423,1139,0.6299710520402363,1903345,Laser stuctur ski1 hinten 4% fluor DSV,2,0.4243075261555239
325,5,3741488,1684294,716827,502010,3892786,6902612,275766,741835,883005,450,672,338,1459,1167,0.646325305899774,1900606,Laser stuctur ski1 hinten 4% fluor DSV,2,0.4244748858833403
326,6,3738989,1690465,731642,506235,3883177,6908539,276595,744740,881233,452,679,343,1518,1214,0.6349683484670677,1902568,Laser stuctur ski1 hinten 4% fluor DSV,2,0.4217404236771868
327,7,3751394,1700391,736326,517764,3876259,6937405,277529,742941,882799,453,644,338,1477,1182,0.6290654991853724,1903269,Laser stuctur ski1 hinten 4% fluor DSV,2,0.4244912305544879
328,8,3738307,1682545,722906,507110,3888312,6880091,276559,741936,881823,450,676,337,1503,1202,0.6305832469588107,1900318,Laser stuctur ski1 hinten 4% fluor DSV,2,0.4218873859412355
329,9,3759649,1713674,737443,530451,3888312,6923282,276485,743295,882620,455,656,333,1479,1183,0.623997837447252,1902400,Laser stuctur ski1 hinten 4% fluor DSV,2,0.4243054968369998
330,0,4203963,1850399,759991,522558,4346552,6712128,288027,779303,911649,440,680,323,1441,1153,0.6312839021893273,1978979,Laser stuctur ski1 vorne 4% fluor DSV,2,0.4215602091084052
331,1,4221689,1846713,774300,525193,4217209,6750090,287379,778887,910557,437,677,326,1484,1187,0.6300137138379155,1976823,Laser stuctur ski1 vorne 4% fluor DSV,2,0.4240197132933972
332,2,4225818,1852039,763316,519014,4203192,6768281,287217,778381,911944,438,696,325,1450,1160,0.6424083538262375,1977542,Laser stuctur ski1 vorne 4% fluor DSV,2,0.4230873699652594
333,3,4226534,1847686,769182,527898,4217569,6810997,288190,777735,910789,437,670,322,1365,1092,0.6378937117270653,1976714,Laser stuctur ski1 vorne 4% fluor DSV,2,0.4254381344211119
334,4,4215349,1850576,772371,521123,4206988,6817399,289575,772302,905571,439,693,330,1477,1181,0.6299710520402363,1967448,Laser stuctur ski1 vorne 4% fluor DSV,2,0.4243075261555239
335,5,4171639,1822701,761682,520008,4209226,6787704,283909,772571,902572,436,675,326,1473,1179,0.646325305899774,1959052,Laser stuctur ski1 vorne 4% fluor DSV,2,0.4244748858833403
336,6,4181085,1815490,770846,527348,4203956,6799902,284485,771450,903109,434,669,323,1448,1158,0.6349683484670677,1959044,Laser stuctur ski1 vorne 4% fluor DSV,2,0.4217404236771868
337,7,4166323,1805564,771729,517344,4205191,6740046,280764,764480,893370,433,687,333,1408,1126,0.6290654991853724,1938614,Laser stuctur ski1 vorne 4% fluor DSV,2,0.4244912305544879
338,8,4164399,1808146,765045,522903,4201987,6738998,280709,763820,894829,434,674,327,1413,1130,0.6305832469588107,1939358,Laser stuctur ski1 vorne 4% fluor DSV,2,0.4218873859412355
339,9,4174128,1806037,765976,523633,4201987,6753189,280855,764035,895948,432,669,326,1374,1099,0.623997837447252,1940838,Laser stuctur ski1 vorne 4% fluor DSV,2,0.4243054968369998
340,0,4743377,1999619,765806,483441,3990073,6935746,313514,787494,954401,421,731,324,1389,1111,0.6312839021893273,2055409,Vola LF red ski2 ,2,0.4215602091084052
341,1,4741572,2010520,765650,482370,3849203,7118929,313244,787425,955171,424,727,327,1417,1133,0.6300137138379155,2055840,Vola LF red ski2 ,2,0.4240197132933972
342,2,4738253,2004695,769372,494251,3837843,7182449,314072,788331,955555,423,739,320,1331,1065,0.6424083538262375,2057958,Vola LF red ski2 ,2,0.4230873699652594
343,3,4736503,2015089,755756,482092,3850083,7239558,313460,789676,953720,425,759,324,1354,1083,0.6378937117270653,2056856,Vola LF red ski2 ,2,0.4254381344211119
344,4,4735233,2009195,756530,476592,3849062,7310238,313155,787525,955036,424,749,327,1387,1109,0.6299710520402363,2055716,Vola LF red ski2 ,2,0.4243075261555239
345,5,4732876,2008987,757029,489287,3833331,7362458,313101,786880,953533,424,751,319,1309,1047,0.646325305899774,2053514,Vola LF red ski2 ,2,0.4244748858833403
346,6,4753808,2004873,769473,488591,3829643,7378716,313047,787279,955197,421,737,323,1407,1125,0.6349683484670677,2055523,Vola LF red ski2 ,2,0.4217404236771868
347,7,4745568,2014452,769063,483791,3848567,7399882,313389,787693,953201,424,735,328,1393,1115,0.6290654991853724,2054283,Vola LF red ski2 ,2,0.4244912305544879
348,8,4740758,2000066,765079,482446,3823729,7479916,313694,787272,955484,421,724,325,1416,1133,0.6305832469588107,2056450,Vola LF red ski2 ,2,0.4218873859412355
349,9,4742491,2012265,769461,480142,3823729,7437906,315711,789492,954786,424,744,330,1349,1079,0.623997837447252,2059989,Vola LF red ski2 ,2,0.4243054968369998
350,0,4287034,1752498,761774,523743,4161388,7064436,294066,784045,924611,408,660,296,1321,1057,0.7027403395333865,2002722,Salomon HF6 left ski2,3,0.4671972442027926
351,1,4294887,1747306,743733,522538,4017836,7076563,294570,784205,924413,406,664,289,1227,982,0.6982131084876655,2003188,Salomon HF6 left ski2,3,0.4649975355782981
352,2,4283005,1749682,746782,516079,4022075,7176589,294048,781416,924181,408,687,295,1296,1037,0.6935576456656469,1999645,Salomon HF6 left ski2,3,0.466257330703695
353,3,4292172,1762468,747591,520572,4020686,7162400,294821,784090,925354,410,662,294,1309,1047,0.6921715626133749,2004265,Salomon HF6 left ski2,3,0.4653722805481285
354,4,4283686,1743667,753168,520434,4021479,7224466,294084,784075,925309,407,681,294,1261,1008,0.7143323168768183,2003468,Salomon HF6 left ski2,3,0.4650166466316821
355,5,4290335,1748365,755878,517964,4015894,7209801,294172,781324,924852,407,681,297,1326,1061,0.702170391511981,2000348,Salomon HF6 left ski2,3,0.4629213421914176
356,6,4307772,1754360,749639,517503,4015088,7229563,294065,782315,925676,407,668,294,1311,1049,0.720088032411169,2002056,Salomon HF6 left ski2,3,0.4650224968048
357,7,4292972,1756142,758456,529588,4025183,7248241,295524,782261,925004,409,698,292,1253,1002,0.7129198824195162,2002789,Salomon HF6 left ski2,3,0.463489932977391
358,8,4283876,1750472,741420,516934,4019404,7228875,295648,783444,925192,408,700,292,1233,986,0.7263860848823293,2004284,Salomon HF6 left ski2,3,0.4635033559716767
359,9,4289778,1752475,747968,522124,4019404,7242790,295199,785803,924056,408,692,291,1262,1010,0.7236760871817507,2005058,Salomon HF6 left ski2,3,0.4630627808441982
360,0,4420226,1931414,721975,517169,4374405,6865066,314809,823110,974049,436,717,288,1183,947,0.7027403395333865,2111968,Salomon HF6 right ski2,3,0.4671972442027926
361,1,4433877,1920539,722468,519569,4221338,7050585,315798,823264,974317,433,712,284,1183,946,0.6982131084876655,2113379,Salomon HF6 right ski2,3,0.4649975355782981
362,2,4416687,1908929,725022,524834,4218279,7103023,314053,822702,972179,432,707,283,1156,925,0.6935576456656469,2108934,Salomon HF6 right ski2,3,0.466257330703695
363,3,4430482,1920740,727332,522094,4214212,7138559,316124,823064,971552,433,724,286,1164,931,0.6921715626133749,2110740,Salomon HF6 right ski2,3,0.4653722805481285
364,4,4439729,1942426,729872,523783,4244712,7175211,314521,822926,973709,437,700,288,1217,973,0.7143323168768183,2111156,Salomon HF6 right ski2,3,0.4650166466316821
365,5,4425836,1920732,719995,528943,4210538,7214613,314034,822787,974085,433,701,279,1146,917,0.702170391511981,2110906,Salomon HF6 right ski2,3,0.4629213421914176
366,6,4432422,1930908,735045,520228,4216361,7232116,315617,823655,973709,435,706,291,1260,1008,0.720088032411169,2112981,Salomon HF6 right ski2,3,0.4650224968048
367,7,4431344,1931358,726520,526764,4223490,7214135,315815,823754,973700,435,720,284,1149,919,0.7129198824195162,2113269,Salomon HF6 right ski2,3,0.463489932977391
368,8,4423301,1924301,728184,521909,4217029,7220473,314935,823609,974139,435,719,287,1168,934,0.7263860848823293,2112683,Salomon HF6 right ski2,3,0.4635033559716767
369,9,4442762,1924453,742055,517554,4217029,7273797,314519,824200,972715,433,714,294,1281,1025,0.7236760871817507,2111434,Salomon HF6 right ski2,3,0.4630627808441982
370,0,4248621,1817285,771267,516893,3666589,6529851,280403,725576,870060,427,636,340,1428,1142,0.7027403395333865,1876039,Vola HF liq ski4,3,0.4671972442027926
371,1,4262994,1820728,779748,507694,3538695,6647022,279343,725084,868495,427,690,350,1530,1224,0.6982131084876655,1872922,Vola HF liq ski4,3,0.4649975355782981
372,2,4246778,1823894,771209,518259,3531398,6688431,279956,724316,867725,429,706,341,1430,1144,0.6935576456656469,1871997,Vola HF liq ski4,3,0.466257330703695
373,3,4261740,1836615,772402,519823,3526078,6719160,280154,725683,870374,430,682,341,1417,1133,0.6921715626133749,1876211,Vola HF liq ski4,3,0.4653722805481285
374,4,4254471,1813412,766043,513359,3518974,6810364,279866,723932,868959,426,701,339,1459,1167,0.7143323168768183,1872757,Vola HF liq ski4,3,0.4650166466316821
375,5,4271454,1827507,779273,516368,3538131,6785147,279199,724032,867840,427,674,345,1476,1181,0.702170391511981,1871071,Vola HF liq ski4,3,0.4629213421914176
376,6,4253059,1824776,768159,512759,3526642,6811676,280082,723655,867125,429,688,343,1468,1174,0.720088032411169,1870862,Vola HF liq ski4,3,0.4650224968048
377,7,4263888,1826787,772802,528363,3533141,6812913,280514,723824,868548,428,684,334,1379,1103,0.7129198824195162,1872886,Vola HF liq ski4,3,0.463489932977391
378,8,4254281,1839431,769107,516099,3520850,6861823,279560,724238,867366,432,690,344,1487,1189,0.7263860848823293,1871164,Vola HF liq ski4,3,0.4635033559716767
379,9,4265547,1829809,771369,515333,3520850,6846397,280190,723424,867259,428,680,343,1454,1163,0.7236760871817507,1870873,Vola HF liq ski4,3,0.4630627808441982
380,0,4280617,1864316,745424,537137,4005482,6863621,279759,741813,882333,435,699,317,1217,974,0.7027403395333865,1903905,Vola HF purple ski3,3,0.4671972442027926
381,1,4292981,1862965,751065,525413,3855540,6918123,279650,741497,881510,433,703,326,1321,1057,0.6982131084876655,1902657,Vola HF purple ski3,3,0.4649975355782981
382,2,4307117,1867031,755756,533589,3851615,6968403,279217,740099,882405,433,698,322,1230,984,0.6935576456656469,1901721,Vola HF purple ski3,3,0.466257330703695
383,3,4316259,1877749,754462,533352,3855999,7023383,280423,741681,882333,435,700,323,1286,1029,0.6921715626133749,1904437,Vola HF purple ski3,3,0.4653722805481285
384,4,4287108,1857254,755083,529873,3857339,7068774,280656,740898,882440,433,684,324,1305,1044,0.7143323168768183,1903994,Vola HF purple ski3,3,0.4650166466316821
385,5,4294791,1879765,749625,524503,3854483,7050864,280118,742657,881151,437,699,328,1330,1064,0.702170391511981,1903926,Vola HF purple ski3,3,0.4629213421914176
386,6,4290653,1868661,754438,535228,3861460,7084695,280836,740944,882395,435,688,322,1287,1030,0.720088032411169,1904175,Vola HF purple ski3,3,0.4650224968048
387,7,4296968,1864910,763126,531778,3845207,7136297,279595,741943,882754,434,683,327,1331,1065,0.7129198824195162,1904292,Vola HF purple ski3,3,0.463489932977391
388,8,4305130,1870302,755990,534792,3850169,7133878,279632,741267,881707,434,693,322,1300,1040,0.7263860848823293,1902606,Vola HF purple ski3,3,0.4635033559716767
389,9,4295109,1863125,753188,524019,3850169,7127332,280044,740921,881071,433,697,327,1367,1094,0.7236760871817507,1902036,Vola HF purple ski3,3,0.4630627808441982
390,0,4358521,2036289,714510,502115,3919417,6544581,299747,783322,921084,467,717,331,1347,1077,0.7027403395333865,2004153,Vola HF purple ski6,3,0.4671972442027926
391,1,4364107,2029299,722036,504135,3794094,6560502,300340,785627,920216,464,741,331,1359,1087,0.6982131084876655,2006183,Vola HF purple ski6,3,0.4649975355782981
392,2,4374239,2039521,719473,498996,3789935,6633037,300340,783974,922229,466,748,335,1311,1049,0.6935576456656469,2006543,Vola HF purple ski6,3,0.466257330703695
393,3,4387511,2041826,722162,499860,3752290,6688981,300285,783130,923644,465,758,334,1375,1100,0.6921715626133749,2007059,Vola HF purple ski6,3,0.4653722805481285
394,4,4404795,2048303,714246,510209,3752619,6737225,300015,785356,923626,465,712,324,1240,992,0.7143323168768183,2008997,Vola HF purple ski6,3,0.4650166466316821
395,5,4403962,2038688,713005,500651,3739740,6766694,299978,785695,923706,462,750,328,1292,1033,0.702170391511981,2009379,Vola HF purple ski6,3,0.4629213421914176
396,6,4390179,2041532,713828,514019,3754321,6750914,300861,782953,923286,465,722,321,1229,983,0.720088032411169,2007100,Vola HF purple ski6,3,0.4650224968048
397,7,4401649,2040120,708621,505190,3741549,6769509,299349,782099,922785,463,744,324,1285,1028,0.7129198824195162,2004233,Vola HF purple ski6,3,0.463489932977391
398,8,4424352,2050702,717723,521344,3761249,6806168,300267,783944,922633,463,716,317,1223,978,0.7263860848823293,2006844,Vola HF purple ski6,3,0.4635033559716767
399,9,4405245,2039905,704597,509900,3761249,6779844,300123,782239,921765,463,749,319,1147,917,0.7236760871817507,2004127,Vola HF purple ski6,3,0.4630627808441982
